,0
0,mh104
1,e205
2,dsma523b
3,nlr1t
4,wb140
5,usa35
6,hq359
7,ncambre
8,ls421mod
9,kc135d
10,sd7032
11,mh78
12,ag11
13,goe12k
14,naca001064
15,goe383
16,naca64209
17,fx66h60
18,goe234
19,goe796
20,m3
21,mh116
22,waspsm
23,m15
24,e193
25,goe408
26,goe269
27,goe770
28,e197
29,goe633
30,giiif
31,n64212
32,naca651212a06
33,vr9
34,goe617
35,eiffel10
36,mh27
37,goe490
38,goe289
39,hq1010
40,k3311
41,goe632
42,mh62
43,e478
44,n6h10
45,ah94145
46,e178
47,hq259
48,raf30
49,ag27
50,sc20712
51,isa960
52,goe363
53,eh1070
54,sg6042
55,ag46ct02r
56,fx79l120
57,s6063
58,s1091
59,goe278
60,e1200
61,mh43
62,raf30md
63,m5
64,oaf128
65,fx74130wp2
66,naca16018
67,sc20706
68,fx79k144
69,naca633618
70,e553
71,n63215b
72,fx60160
73,e541
74,naca662415
75,goe673
76,ls013
77,m27
78,mrc-20
79,goe414
80,dae31
81,goe553
82,goe444
83,sc1095r8
84,rc410
85,hq358
86,goe619
87,naca6412
88,vr13
89,goe371
90,eh1090
91,naca652415a05
92,e211
93,e603
94,goe434
95,rae5215
96,m17
97,n5h15
98,fx76mp160
99,e195
100,isa962
101,usa26
102,goe121
103,fx63145
104,goe459
105,r1046
106,goe443
107,e635
108,r140sm
109,daytonwrightt1
110,marske1
111,ah93k130
112,n5h10
113,naca644221
114,naca663418
115,rc12b3
116,goe648
117,bacxxx
118,ag13
119,fx73170a
120,marske3
121,sg6041
122,naca64a410
123,e682
124,usa49
125,goe222
126,goe456
127,naca747a315
128,falcon
129,arad13
130,goe620
131,goe320
132,goe795
133,goe628
134,vr8b
135,usa5
136,e426
137,rg8
138,ma409sm
139,e186
140,e210
141,naca633218
142,marske5
143,mh94
144,vr12
145,ultimate
146,s2027
147,goe403
148,sc20404
149,lwk79100
150,naca64a210
151,b540ols
152,nl722362
153,ah94156
154,nlr7301
155,ag45ct02r
156,goe629
157,hq3514
158,rae5213
159,n2h15
160,df102
161,goe418
162,e49
163,goe405
164,goe460
165,rg12a189
166,miley
167,e396
168,goe323
169,goe05k
170,ea61009
171,mh121
172,goe602m
173,naca63209
174,fx75193
175,boe106
176,hobiesm
177,goe442
178,ste87391
179,eiffel430
180,ah79k135
181,goe264
182,e637
183,naca63a210
184,usa46
185,naca66210
186,ag16
187,v13009
188,giiij
189,mh64
190,ah85l120
191,ls417mod
192,ys930
193,goe143
194,fx71089a
195,ah79k143
196,goe801
197,e326
198,goe188
199,goe559
200,lg10sc
201,m11
202,e562
203,wb13535sm
204,n63415
205,fx63120
206,rg15
207,vr5
208,goe547
209,e432
210,naca671215
211,geminism
212,mh113
213,goe532
214,fx75vg166
215,m18
216,e209
217,s8038
218,fx3
219,goe142
220,e59
221,hq3015
222,goe226
223,mh22
224,goe182
225,arad10
226,e361
227,goe07k
228,goe679
229,rae100
230,goe494
231,isa961
232,fx73cl1152
233,ah79k132
234,hq1012
235,goe439
236,naca1410
237,mh84
238,fx61140
239,e341
240,goe396
241,mh106
242,goe406
243,e855
244,mh45
245,fx66h80
246,sc20612
247,kc135b
248,naca642415
249,goe324
250,goe693
251,giiim
252,usa35b
253,fx68h120
254,fx63110
255,goe393
256,goe373
257,b707d
258,fx60100
259,naca2410
260,e171
261,ch10sm
262,e62
263,fx60126
264,lrn1007
265,n64012
266,s5010
267,hq309
268,n5h20
269,ag26
270,n64110
271,s7055
272,goe227
273,e422
274,stf86361
275,cap21c
276,goe381
277,e336
278,goe124
279,sc20406
280,nlf1015
281,a18sm
282,rc12n1
283,e557
284,e598
285,ht23
286,e668
287,goe448
288,dga1138
289,rg149
290,fx74130wp2mod
291,sm701
292,raf26
293,goe777
294,e857
295,goe704
296,rc10n1
297,c5c
298,e63
299,mh200
300,naca2421
301,goe744
302,m12
303,goe308
304,fx61147
305,hq2511
306,rhodesg30
307,s1014
308,mh30
309,hq1585
310,e477
311,s5020
312,goe265
313,fx63137sm
314,nacam3
315,ah63k127
316,e547
317,fx76100
318,usa34
319,ua2-180sm
320,e423
